Nombre,Nota
Marigold Brownfield,41
Laurie Dunn,34
Goldy Self,64
Joachim Bewly,23
Torey Delacroux,34
Perry Gebby,56
Dorine Lievesley,45
Brand Jeans,34
Joyan Ellington,37
Keenan Icke,70
Analiese Footer,48
Wynne Fasse,48
Jeralee Fields,52
Arlinda Skae,35
Wenda Dionisio,25
Fleurette Caulwell,35
Nicol Cutajar,64
Thorn Larham,27
Augustin Cranfield,52
Zach Ramstead,50
Rosa Roseveare,51
Eustace Minchell,28
Laurie Dukelow,67
Shaun Johanchon,45
Sallie Faherty,26
Artair Chatenet,61
Bryn Annetts,20
Erminia Groger,18
Luciano Garm,30
Elbertine Theobald,37
Hendrick Ivancevic,11
Ogden Coverlyn,45
Ed MacKettrick,41
Terrel Bambrough,53
Killie Sycamore,37
Libby Spreull,18
Norbert Howcroft,15
Wakefield Grangier,51
Freddie Vaun,21
Micky Kirrens,27
Whitman Visick,47
Madelina Leggitt,27
Edik MacAlister,32
Annmaria Byk,27
Tamar Andre,20
Artemus Andrys,24
Eve Blackhurst,11
Christy Patria,57
Patin Hum,14
Daryle Jackson,25
Westley Savile,10
Natka Gregan,41
Elna Skingle,17
Neddie Battams,68
Sheila Prettyjohns,50
Kerrin Kitman,40
Berti Paybody,24
Joyann Esparza,26
Shellysheldon McElwee,19
Giuseppe Pairpoint,36
Lamond Tilston,64
Amandie Dibb,49
Ferd Coryndon,36
Ikey Traves,49
Mathe Darker,55
Rianon Du Hamel,15
Anstice Scardifeild,24
Filmer Rosenblath,20
Leigh Belcham,66
Nicol Wrettum,60
Esra Matiewe,42
Phyllida Dyton,63
Erl Akerman,46
Jesse Ariss,32
Bryant Flye,57
Lyle Aronstam,15
Fionna Besque,38
Daryn Culpen,14
Cassandre Orgee,52
Jeremiah Kynton,15
Artemus Axleby,66
Sella Lidbetter,42
Cosmo Kovnot,20
Alina Horsfield,69
Shaylyn Gearing,61
Savina Ilyinski,45
Barrie Mountstephen,25
Kenny Wathen,24
Keenan Corteis,41
Dionisio Lumber,47
Val Maltster,66
Maighdiln Surplice,21
Floria Vaughn,33
Tanhya Romeuf,51
Darryl Duncklee,22
Jerrilyn Ollerearnshaw,49
Gusta Hedditch,39
Dee dee Rembrant,34
Celina Vyse,29
Donnajean Raddenbury,61
Ernie Simmonett,15
Cello Daymont,64
Pia Hasker,31
Ingunna Tittletross,29
Gerrie Gauch,56
Lannie Heinish,16
Claire Pedder,31
Beilul Camfield,59
Port Rudinger,25
Bebe Shreeve,29
Addy Mozzi,30
Hirsch Jansky,55
Viviene Gothard,26
Milena Reiner,47
Oliviero Dorow,28
Arnold Mitford,23
Baldwin Toffanini,37
Christoper Humber,55
Clair Drew-Clifton,66
Rochella Cassedy,39
Bill Brandenburg,29
Rudie Meace,58
Dorise Daveridge,66
Rawley Genese,52
Oralle Bradden,34
Sharlene Muglestone,63
Babs Maroney,56
Thorvald Ions,57
Brion Sanham,70
Adelle Scantleberry,35
Brady Budd,12
Odilia Demkowicz,56
Marys Starmer,20
Virgina McGurgan,52
Harald Swindle,69
Verena Merry,18
Latashia Klimpt,31
Etienne Hanes,55
Beitris Stredder,16
Waiter Coulthurst,45
Vin Harhoff,21
Jere Peppard,24
Marlie Dinzey,23
Stace Capner,55
Talbert Wardrop,50
Myriam Metrick,43
Valenka Duffree,49
Taddeusz Keene,24
Hatty Giffkins,28
Susy McCoole,40
Caspar Grayson,51
Robb Kloisner,13
Odille Whitby,45
Emery Fentem,70
Gale McMorran,46
Tibold Lyngsted,16
Jennie Kilmurry,31
Deni Bach,41
Moyna McVane,27
Westleigh Kohnemann,35
Doralin Hoffman,63
Tamar Fowden,20
Emile Michiel,66
Roderic Widdall,33
Zulema Filipponi,39
Odey Dericut,46
Jenelle Elven,47
Matelda Henner,27
Halley Wais,14
Kelcy Carbry,23
Teddie Gerholz,15
Jackie Riseam,29
Sheena Kemell,33
Anni Whaymand,23
Dirk Packman,47
Leigh Trinder,43
Goddart Bounds,60
Eachelle Warr,66
Neron Quince,48
Cinda Libbis,21
Rachelle Mabey,18
Kris Syer,50
Dillie Marshal,52
Web Leipnik,59
Arline Northleigh,34
Franny Douglas,57
Dallon Boulsher,61
Dina Canto,65
Nanny Cocklin,47
Darrel Easthope,27
Dinah Puckinghorne,70
Ranice Beernt,46
Daphna Agar,11
Nikolia Simoes,68
Lauren Lebell,13
Orelie Line,24
Ranique Frichley,64
Kane Headly,46
Winna Scroggs,14
Amery Yeardsley,52
Jeannette Fermor,22
Lia Stanborough,52
Nanine Discombe,67
Eudora Ratnege,65
Stillmann Gillett,60
Leona Scowcroft,29
Candra Albert,64
Juliana Iggulden,48
Scot Ellwood,42
Gerrilee Oxford,31
Cinderella D'Antuoni,41
Jeromy Ruslin,34
Margalo Emlen,46
Don Pleven,25
Chrisse Pevie,45
Isiahi O'Cosgra,22
Jodi Garvan,39
Martita Silveston,19
Nonie Poutress,50
Brooke Creaney,57
Kate Trethewey,59
Estell Sillis,35
Angelo Nairy,33
Nolie Roxbrough,61
Arliene Basire,70
Carolus Minchinden,43
Rhett Irving,33
Hanson Pellington,12
Natty De Filippo,69
Marketa D'Antuoni,37
Bob Brabbins,68
Conroy Aggis,60
Brittne Savins,40
Fairlie Hinken,52
Meridith Ughetti,24
Waylin Mosley,21
Michele Laurenceau,70
Willard Domotor,16
Violet Scottrell,15
Haily Jennaroy,41
Ole Philipard,42
Halsey Vero,47
Haleigh Mulgrew,25
Estell Grzegorek,67
Shirline Czaja,26
Graig Risso,36
Tracey Hynes,43
Oby Rosbotham,45
Giffard Petrovykh,13
Shani Verlinde,59
Alys Retallick,31
Kale McComiskie,13
Georgy Dodds,66
Oralee Cribbott,63
Udell Sacase,60
Pall Skeldinge,52
Barrie Guilayn,47
Sansone Bartod,15
Rhianon Saph,61
Lauren Stenet,54
Dav Erwin,36
Timofei Smales,51
Deloria Dain,10
Teodor Robottham,52
Witty Kaser,40
Leta Kinkaid,25
Miguelita Grigoroni,66
Tana Adamowicz,52
Lorena Riggoll,25
Robby Kunzel,12
Ann Johananov,63
Umeko Brigginshaw,13
Baldwin Sivyer,22
Marius Slora,21
Myrlene Hradsky,59
Dru Myrick,56
Jameson Stilldale,39
Reena Ajam,25
Maison Paddick,21
Skylar Phear,35
Smith Boldecke,54
Maude Becker,40
Jules Huey,14
Claus Olrenshaw,67
Lurette Readmire,54
Adara Aldwinckle,69
Brittni Verlinden,54
Larine Mattiacci,33
Crissy Stoffers,51
Vassily Couldwell,60
Kerry Betjes,65
Guillermo Leverage,64
Perry McCallam,39
Viviyan Yanyushkin,20
Richmound Hanne,15
Richard Gettone,25
Edouard Dowsey,54
Mattias Rittmeier,13
Evelina Aberkirder,67
Deck Petrichat,68
Cheri McCarlich,22
Aura Arnaudi,27
Earl MacHarg,43
Larisa Dooman,54
Town Gadd,34
Morry Paddeley,23
Eda McLice,47
Melisenda Dubble,55
Sapphire Pezey,59
Pren Reisk,69
Ely Pandie,55
Shana Fryer,66
Upton Mills,67
Dore Tenny,26
Eli Skurm,59
Cathrin Di Baudi,24
Korey Legendre,44
Ashely Josephoff,37
Arlie Lune,59
Hilary Prowse,48
Gail Jelk,13
Sile Sitch,24
Codi Adolf,35
Joella Drust,58
Alyce Carhart,27
Bev Snelson,69
Pace Smitheram,43
Haze Cella,62
Ashton Aaronson,24
Corene MacGregor,56
Doris MacAllister,15
Mauricio Hanny,34
Verena Greasty,51
Barnard De Vere,29
Morgun Powe,47
Denice Mafham,26
Catlin Janodet,70
Rriocard Lunny,37
Jorge Ambrosoli,57
Alix Maso,63
Kellen Lainton,38
Arvin Sey,47
Cari Turle,15
Keane Baudins,24
Ethelred Sibthorp,20
Rogerio Lyston,43
Lyndel Caldroni,55
Sullivan Hillum,50
Lorine Brymner,47
Cathrine Netti,44
Shermie Batrim,64
Lizzie Caseley,13
Jocelyne Gravestone,45
Josee Starr,41
Dede Landy,46
Theodosia Braime,57
Ahmad Robertacci,45
Tracey Spohr,25
Collete Rymell,39
Kingston Brangan,39
Boony Skully,60
Catie Cansdall,41
Isiahi Lorriman,50
Maurine Scammonden,26
Emlyn Biers,51
Dody Alabastar,21
Shelley St Quintin,48
Rebecka Oxshott,19
Sarine Ogus,53
Babbette Stable,48
Roosevelt Briat,69
Cortie Massen,25
Franklin Craise,34
Andy Owttrim,58
Annelise Buie,32
Janice Lante,45
Virgilio Cattanach,62
Thornton Goodfellow,17
Essa Cayser,58
Juliann Cookson,43
Cara Kiely,15
Kristoffer Gomes,19
Allix Purcell,29
Elysee Vanyukov,12
Cecil Eickhoff,42
Gladys Vigers,27
Atlanta Getcliff,48
Tessa Laterza,18
Angus Van der Veldt,28
Cecil Jozaitis,51
Claudio Raggatt,37
Maura Sholem,29
Curry Warrier,54
Doti Winsbury,56
Brewer Sanzio,67
Anita McGinlay,63
Joelly Batalle,27
Isobel Loutheane,40
Kent Mosedall,55
Des Python,45
Gavrielle Ledington,11
Ruperta Keat,13
Clarinda Zanolli,27
Rickey Derrell,48
Micah Levett,47
Grier Pee,65
Emmanuel Trapp,25
Ali Landsbury,27
Kermit Wolver,27
Elizabeth MacKerley,65
Woodman Kevis,38
Morris Riteley,57
Oswald Goggey,31
Bartholomew Camier,62
Melitta Crottagh,29
Willi Ashplant,55
Llewellyn Thunder,39
Putnem Rabidge,16
Carina Render,26
Harwilll Buckler,35
Homer Norker,50
Deane O'Brian,47
Piper Fredson,38
Filmore Murrhaupt,55
Luciano Palmer,39
Myles Marushak,68
Donal Mulvihill,13
Rudie Boarleyson,60
Page Morena,47
Luciano Heathcote,31
Arlie Almeida,25
Rivi Sellors,54
Sacha Shrawley,36
Faydra Dillicate,43
Annabal Codlin,23
Laraine Callar,48
Elia Roubay,54
Huntlee Oblein,28
Babara Lodevick,58
Beale Janaud,57
Connor Midford,17
Sayre Sooper,59
Sheena Scibsey,50
Arvin Callis,32
Frederigo Tullis,61
Salli Tansey,14
Samuele Dunsire,57
Boote Kemer,11
Ephraim Daud,60
Leshia Borrie,52
Gunar Howkins,65
Bern Delaney,38
Isador Calbrathe,48
Wallis Beushaw,70
Farly Webermann,35
Laina Craigheid,16
Branden Thorn,60
Ronda Piris,22
Lizbeth Cabrer,56
Marlene McDavid,29
Sadella Kave,51
Ian Attwood,57
Heinrik Copson,69
Etta Pothergill,35
Denny Lacer,35
Brant Swyer,18
Pietrek MacMurray,51
Sabina Longrigg,54
Shara Siggery,40
Kaleena Crockley,59
Irvine Kerbey,50
Nerita MacGebenay,25
Annalise Sollett,30
Renaldo Sarfati,16
Lynnea Copnar,28
Weidar Klaaassen,31
Kaila Errichi,48
Gerry Dunniom,45
Sari McMorland,48
Tanitansy Zute,47
Kalina Northam,32
Torrance Danielli,36
Rina Tocqueville,28
Cristiano Ledstone,63
Maddalena Eyer,53
Baryram Richardson,28
Olva Geri,51
Drusie Haylock,45
Tiphany Paridge,15
Court Leynham,11
Dede Fensome,58
Darrel Cluer,28
Flinn Epton,11
Dehlia Birtles,52
Rosalia Corteney,32
Keene Sprowles,13
Kingston Arsnell,44
Yancy Tordoff,17
Darrel Dunklee,63
Levi Huckabe,15
Laurent Paroni,59
Randy Sutherland,41
Alica Mushawe,28
Allina Sandham,22
Karmen Daltrey,24
Scottie Colleer,68
Adelbert Colleton,11
Nilson Blackbourn,45
Adriane Luciano,36
Larine Ruthven,64
Meade Barsham,39
Roldan Skipsey,29
Barclay Charlet,40
Loleta Floris,31
Gabi Strowan,21
Tatiana Sandcraft,26
Pepillo Howbrook,28
Alvira Harmant,19
Hersch Saill,62
Deni Waycot,47
Noland Gledhill,16
Carolina Frier,48
Nerty Hehl,63
Marmaduke Mabe,58
Gretchen Paddingdon,31
Dominick Mountcastle,12
Christal Chittock,66
Yvonne Vaughten,35
Michal Searsby,43
Wynn MacDunleavy,40
Kort Paprotny,15
Uriah Howard,49
Joelynn McMackin,67
Kaitlin Fourcade,45
Guthrie Flaunders,41
Randie Pachta,41
Cliff Macrow,41
Wadsworth Bayns,24
Tedman Lindner,32
Guilbert Alphege,23
Janeczka Ryder,39
Didi Worvill,12
Rosella Quirk,47
Ernie Jorczyk,38
Yevette McGiffin,69
Benita Edward,28
Bartlet Atwel,28
Byron Pauly,53
Pammy Smythe,47
Jeremy Summerfield,22
Jada Fowley,31
Bord Ginnety,56
Dinny Halahan,30
Clayton Grange,34
Merline Ascrofte,50
Demetris Grinikhin,59
Adrea Gowling,11
Dela Gayther,69
Roman Orvis,61
Glennie Cayley,61
Kara-lynn Piens,67
Reese Southcott,68
Batsheva Archanbault,32
Polly Bilsland,49
Ruthe Fass,36
Trumaine Ca,54
Tricia Ruffell,34
Melloney Noto,39
Jemima Rebert,41
Drusie Brassington,18
Allene Babbe,59
Keelby Roads,19
Joye Normanville,58
Stefa Brownsea,16
Jillana Tinan,58
Philipa Cleveland,39
Antonie Kubal,38
Alphonso Yushmanov,62
Karina Streets,16
Danyelle Screwton,19
Ariel Gilleon,63
Duffie Beelby,64
Tracey Di Francesco,33
Verina Vlahos,66
Cathy Coverly,49
Bobbie Learoyd,61
Gabi Schwander,56
Helge Poznan,69
Gilbertine Couche,11
Garner Whistance,39
Cathyleen Gronno,46
Faith Matusson,22
Minnaminnie Brounfield,15
Paloma Cowlam,65
Kimbra Severs,66
Lemmie Stollenberg,30
Cletus Scupham,57
Jarrad Riddle,60
Averell Brahmer,15
Janean Renackowna,42
Joly De Vere,13
Dorree Mourbey,26
Fields Lillico,58
Eula Mallon,33
Theodor Carmel,32
Gottfried Gosnell,30
Eleanore Ind,69
Anny Swallwell,14
Ruthanne Stoacley,36
Minni Sich,24
Larine Giannini,17
Bernhard Kentwell,50
Annette Newton,57
Mattias Hodgen,67
Gusti Spawforth,23
Celestyna Moody,23
Blair Braycotton,30
Ervin Edwinson,12
Babita Happer,65
Jaime Schimonek,59
Louisette Cork,40
Griffith Guymer,21
Base Scading,47
Rebeca Mangin,37
Sybyl Meach,50
Catlee Meneyer,49
Fields Circuitt,60
Ginger De'Ath,57
Adan McMurtyr,25
Abelard Dieton,13
Amalita Boswell,26
Sadella Gillbanks,27
Queenie Bussens,13
Minta Srawley,50
Kellia Wilder,59
Beverly Teulier,31
Lynnette Dando,59
Berni Jimmison,69
Mallissa Steeden,66
Christoforo Kelshaw,42
Leonard Della,12
Wilton Cotillard,65
Wylie Pietrowicz,29
Olivia Mouan,69
Innis Queyos,29
Christiano Kropp,50
Donnamarie Schoffler,69
Luciano Schimoni,39
Pierrette Routh,16
Xenos Gillcrist,21
Rosalynd Scotter,14
Aldridge Holde,43
Zechariah Graalmans,15
Jorie Goodwill,37
Annnora Jozwik,69
Minnie Pastor,20
Alejandra Thorndycraft,57
Carlie Dakers,48
Gregg Arnal,17
Scott Reggio,67
Waylin McFetrich,65
Aurelia Pehrsson,50
Noach McNeice,45
Caroljean Retallick,55
Veradis Whinney,16
Lorinda Ramberg,38
Scottie Hurich,70
Dorri Chiverton,51
Romain de Savery,49
Rowen Blaxter,53
Betteanne Pinnocke,36
Dion Siccombe,37
Ab Wringe,51
Warden Boriston,51
Erhart Northing,40
Zerk Buckthought,10
Agna McMenemy,16
Melony Waterhouse,12
Reggi Balling,31
Kerry O'Kieran,44
Kalie Gallehock,50
Berte Bloss,43
Jacquelin Gipp,60
Hamid Bachnic,50
Nikola Lamming,20
Ian Bletcher,37
Charlot Glas,65
Adrianna Jillings,67
Willetta Sellars,18
Ariella Splain,21
Gregor Lakes,42
Dianne Tunnicliff,39
Katrine Darton,51
Hermine Lockitt,21
Adina Godsmark,65
Wit Ollet,49
Connor Casetti,15
Coretta McQuillin,43
Waiter Daniely,17
Nevin Blues,29
Virge Eberst,22
Dora Clarson,10
Arleta Becom,24
Alistair Cabrara,33
Sax Rioch,16
Frederick Shirlaw,57
Alison Burndred,53
Tommy Iston,35
Brear Durnill,67
Maxie Nason,17
Andra Likly,52
Matthus Delacour,11
Tanitansy Clegg,30
Katine Bunch,37
Xenia Merlin,14
Reina Potticary,25
Desiri Trimmell,18
Inger Dyton,21
Karyn Philler,35
Kristin Truesdale,34
Nellie Constant,69
Tabatha Rein,37
Maurits Selcraig,67
Harriette Kinnock,42
Vanni Petheridge,17
Justinian Gellion,47
Hunfredo McGerraghty,44
Sibel Barbosa,60
Lita Emeny,26
Tessie Stapforth,51
Marsha Bellwood,45
Zorine Coopland,18
Chancey Teggin,54
Stacie Greene,27
Corie Keir,15
Alysia Antat,56
Buddy Gowrie,16
Orelia MacTavish,22
Danita Dugdale,48
Esmaria Ewer,70
June Johannesson,26
Bryon Cardoe,14
Philip Reid,44
Heddie Thurske,59
Rennie Headly,23
Webster Mandel,15
Niles Jaggar,46
Tammie Comini,37
Terry Goldine,27
Kristen Lamar,43
Wandis Ellwood,52
Rhianon Chislett,45
Dominique Keyzor,59
Adela Impett,58
Melessa Paine,50
Letta Pyecroft,40
Kassandra Heel,37
Pate Ivashev,22
Kellia Berggren,44
Towney Marjot,28
Ann-marie Gye,13
Nisse Coddington,26
Chaim Catcherside,27
Guenna Twigley,26
Morgan Mitie,17
Alikee Chimenti,59
Sheri McIvor,63
Gale Hoofe,54
Martita Pimerick,19
Torrance Purcer,41
Harmony Estcot,57
Daren Van Niekerk,26
Davy Rousby,41
Andi Causey,43
Dolli MacFaell,64
Tandi Missington,26
Washington Westwell,35
Hartwell Pury,29
Lulu de Guerre,36
Emily Simeonov,17
Karylin Britten,21
Sandra Strode,19
Jacquelyn Kime,18
Lottie Stebbin,39
Augusta Gethouse,67
Waldon Gavan,46
Shellie McAlroy,28
Alonso Humbee,22
Darci O' Molan,13
Micaela Taylor,25
Vaughan Del Castello,28
Amandi Anfusso,40
Elinor Bellini,69
Taddeo Calley,67
Caitlin Baise,37
Butch O'Duilleain,30
Lefty Eefting,18
Paulie Burnhard,20
Ashli Martt,63
Karlen M'Quharge,49
Catharina Varley,34
Martelle Grewe,36
Cullan Baroch,35
Lucien Matyugin,39
Lauraine Danielsohn,32
Nancy Bruckent,38
Cort Kahn,36
Sigvard Megarry,39
Ikey de Cullip,31
Herminia Benardet,12
Siouxie Melato,15
Myrvyn Pittam,61
Munroe Faivre,56
Link Heiton,48
Alia Souttar,45
Anneliese Rathke,36
Moyna Clampton,49
Gertrude Campos,50
Tann Hawney,41
Gypsy Shenfisch,60
Debby Josling,36
Wanids Westfalen,47
Oberon Misson,21
Ruddie Plummer,65
Chiquita McDoual,68
Giacopo Garford,56
Yorke Sandars,50
Noemi Alcido,64
Jermain Fancet,18
Nataline Rahl,64
Reyna Grimmett,38
Hannis Vayro,61
Dore Gosker,10
Adrian Proughten,64
Teddy Taylorson,60
Guthrie Sheffield,31
Izabel Giocannoni,36
Sebastien Fugere,65
Yetta Malham,48
Amity Tschursch,59
Ashil Burwin,38
Hedy Lunge,15
Che Glyde,65
Peri Kopacek,47
Stormie Bonett,51
Carlene Shimony,28
Julienne Hegg,50
Gamaliel Jindra,66
Nathanael Eich,17
Damaris Storrie,25
Vera Kynastone,13
Karoly Devlin,40
Richmond Verma,29
Willow De Santos,28
Wes Reye,46
Alejoa Fortye,12
Ritchie Espinho,31
Josepha Radage,21
Florencia Avey,54
Petra Ferrandez,17
Lem Proby,29
Guinna Routledge,63
Sisely Kumaar,42
Urban Castanaga,53
Harli Arbor,24
Sven Tunuy,36
Phillip Povey,45
Devin Pauleau,66
Rodolphe Ardron,53
Sher Golthorpp,14
Romonda Pretious,50
Marcelle Neilly,26
Aurelea Ryce,56
Ezri Meredith,22
Stormie Blezard,21
Christin Cleere,57
Gerta Blanc,63
Judye Sharer,59
Jaclyn Henken,33
Jacki Rate,61
Nicolette Lumox,44
Letta Batterton,22
Arlyn Coggill,19
Zebadiah Lambert-Ciorwyn,22
Latisha Glennon,55
Emile Worvell,27
Ofella MacCarroll,36
Darcy Presswell,47
Tami Sikora,66
Felecia Patis,64
Sven Luttger,66
Amata Bruffell,64
Grayce Targe,17
Eldin Ahern,55
Henka Elgram,52
Boniface Durran,59
Violet Ever,11
Heddie Gawthrope,49
Nari Werrett,24
Emili Tadgell,63
Lita Payley,41
Frank Clerc,42
Lorine Trazzi,26
Alix Hryskiewicz,23
Bari Windsor,18
Matteo Haysar,31
Brita Prop,20
Jordana Mitchelmore,57
Rufus Gready,24
Clem Giovannacci,30
Ailis Puttergill,48
Margarita McNelis,48
Dev Bruniges,58
Cross Gatus,16
Willy Landell,24
Franni Farrant,62
Aleda Partner,27
Granville Babinski,44
Bonnibelle Mansour,36
Monroe Scriven,14
Ganny Reburn,45
Karry Berthome,62
Mirelle Nutkin,57
Sarge Liepina,25
Lazar Hutchison,68
Adelbert Olivie,44
Berna Fidell,36
Nan Machans,65
Joya Dykes,35
Kaylil Pafford,24
Alvan Trenaman,11
Shara Redier,34
Erie Lowles,14
Radcliffe Lammerding,55
Justin Cowgill,69
Alisander Mico,36
Sterling Stanesby,10
Roxine Kearton,64
Arnaldo Vasnev,46
Ammamaria Bricham,35
Arturo Walczynski,25
Chris Firpo,33
Pavlov Doughtery,16
Gwyneth Sandeland,66
Reade Redford,57
Turner Balaizot,39
Immanuel Moggan,23
Ella Prigmore,10
Dulcea Vassbender,11
Dennison Gearty,11
Knox Antonsson,33
Karlene Maren,60
Karole Dafter,53
Concordia Kernes,68
Kelwin Paoletti,49
Cora St Queintain,48
Fina Pechan,51
Sammie Seman,24
Caria Arons,52
Lauralee Kerridge,44
Liam Mildenhall,18
Aleece Dykes,33
Xerxes Pickle,11
Janna Cathee,65
Tilly Malbon,50
Abbe Glowacki,45
Gertrude Mumford,12
Trenton Petschelt,62
Flore Pannaman,34
Gibbie Ibbitt,19
Britta Emmerson,32
Matelda Mailey,26
Tabby McMurty,53
Algernon Matson,57
Erna Fairs,35
Ingunna Jodlowski,60
Dede Raulstone,58
Brittne Marven,63
Madalyn Crosi,37
Cori Crosher,57
Stacie Voase,33
Adrienne Coneybeare,53
Sherlocke Bischop,57
Melany Palmby,18
Ramon Swanton,59
Ramsey Lotze,15
Aundrea Horrod,60
Karina Danshin,15
Thebault Feyer,63
Marchelle Adelberg,42
Veradis Humble,62
Laureen Dominguez,12
Bronnie Scatchard,69
Grazia McLaverty,67
Susanetta Cutbush,62
Flss O'Bradden,59
Ingar Eick,53
Dudley McGray,58
Keri Kunc,54
Virgie Ofen,28